student_id,son_deneme_neti,ustalik_ortalamasi,sinyal_yogunlugu,sonraki_deneme_neti
0,10.25,0.4087,0.64,13.0
1,12.0,0.5038,0.92,12.0
2,14.0,0.4676,0.67,12.0
3,10.0,0.4301,0.98,7.25
4,10.25,0.3989,0.49,9.25
5,11.0,0.4656,0.65,6.75
6,12.5,0.5377,0.51,13.25
7,6.75,0.3948,0.61,10.5
8,8.5,0.3291,0.96,8.5
9,6.25,0.2967,0.81,5.25
10,14.0,0.3928,0.67,5.0
11,14.75,0.3619,0.86,3.5
12,9.0,0.4483,0.58,14.0
13,12.75,0.5595,0.44,9.5
14,17.5,0.4418,0.42,9.0
15,13.0,0.3217,0.42,8.75
16,9.25,0.4115,0.53,9.25
17,6.25,0.4273,0.7,8.5
18,8.0,0.4644,0.82,13.0
19,6.0,0.407,0.58,9.25
20,14.0,0.5286,0.44,13.25
21,8.25,0.3362,0.43,4.0
22,11.0,0.4876,0.71,12.75
23,11.75,0.5719,0.99,15.25
24,5.5,0.3526,0.81,6.75
25,10.75,0.3796,0.41,7.5
26,10.0,0.4208,0.76,13.5
27,5.75,0.2066,0.94,4.75
28,10.25,0.6033,0.77,15.0
29,4.75,0.3473,0.79,11.75
30,8.25,0.3487,0.98,7.0
31,16.75,0.5308,0.58,14.5
32,14.0,0.5784,0.92,13.75
33,14.25,0.6181,0.7,9.5
34,8.25,0.446,0.58,9.75
35,4.75,0.4685,0.63,11.75
36,9.25,0.3943,0.72,8.5
37,10.5,0.4512,0.4,9.75
38,10.75,0.429,0.75,10.75
39,11.0,0.4566,0.71,9.75
40,15.25,0.6505,0.73,20.25
41,7.75,0.3069,0.54,5.0
42,8.5,0.3771,0.91,12.75
43,18.0,0.4711,0.96,5.0
44,12.0,0.5266,0.8,13.0
45,13.75,0.5341,0.59,16.0
46,8.25,0.3244,0.52,3.25
47,7.5,0.4399,0.41,10.75
48,4.0,0.3266,0.44,7.25
49,10.0,0.384,0.98,9.0
50,9.5,0.3886,0.7,6.5
51,16.0,0.5397,0.72,10.0
52,8.75,0.439,0.58,8.5
53,10.25,0.5021,0.92,12.75
54,10.25,0.4362,0.58,8.5
55,10.5,0.3106,0.92,11.75
56,12.5,0.3737,0.82,11.0
57,12.0,0.4949,0.64,13.75
58,13.25,0.5441,0.61,16.0
59,11.0,0.4267,0.71,9.25
60,12.75,0.4362,0.88,9.0
61,18.25,0.5599,0.82,8.25
62,15.75,0.6941,0.65,17.75
63,8.25,0.3234,0.65,9.0
64,10.0,0.4874,0.96,9.75
65,5.5,0.3998,0.99,13.25
66,14.0,0.4206,0.98,6.5
67,15.5,0.5342,0.65,19.0
68,12.0,0.5663,0.91,15.0
69,9.25,0.2895,0.98,8.25
70,12.5,0.4973,0.75,11.25
71,5.5,0.3762,0.68,11.0
72,13.25,0.5903,0.53,16.0
73,12.5,0.4636,0.98,14.0
74,12.25,0.4455,0.61,6.5
75,10.25,0.3934,0.84,4.75
76,7.25,0.4444,0.92,12.0
77,16.0,0.5305,0.52,13.5
78,14.0,0.5491,0.48,12.0
79,16.0,0.5389,0.87,8.25
80,11.75,0.4917,0.59,9.5
81,3.5,0.292,0.43,8.75
82,10.0,0.4395,0.95,7.25
83,10.0,0.3962,1.0,6.25
84,0.75,0.2221,0.43,2.25
85,9.25,0.617,1.0,14.75
86,8.25,0.4206,0.72,9.5
87,14.25,0.4479,0.98,5.0
88,11.5,0.5519,0.4,12.5
89,12.0,0.4022,0.74,8.0
90,6.75,0.2356,0.64,6.25
91,12.75,0.2932,0.52,5.5
92,6.0,0.2229,0.65,6.25
93,11.75,0.5121,0.93,6.5
94,8.5,0.3237,0.77,9.25
95,8.0,0.3706,0.43,7.75
96,12.0,0.469,0.84,14.0
97,13.0,0.5165,0.55,10.0
98,12.25,0.5152,0.85,12.5
99,6.0,0.316,0.49,9.25
100,7.5,0.421,0.61,9.25
101,9.5,0.3671,0.73,9.25
102,8.0,0.4526,0.91,8.5
103,12.5,0.4227,0.42,8.0
104,9.75,0.4293,0.99,8.5
105,8.0,0.3524,0.55,7.5
106,1.75,0.4768,0.49,16.75
107,8.75,0.2857,0.97,6.75
108,11.75,0.5548,0.87,15.5
109,7.75,0.5067,0.79,13.25
110,9.25,0.4135,0.85,9.75
111,5.25,0.3775,0.67,11.25
112,8.25,0.4345,0.77,12.0
113,3.0,0.2947,0.63,8.5
114,10.0,0.3885,0.91,12.5
115,5.25,0.3419,0.9,8.75
116,9.25,0.333,1.0,7.75
117,8.5,0.3372,0.69,9.75
118,13.75,0.5385,0.55,13.5
119,8.0,0.3064,0.41,6.75
120,19.0,0.6732,0.44,16.0
121,14.25,0.5861,0.72,13.5
122,13.5,0.5591,0.87,17.5
123,12.75,0.6517,0.58,19.0
124,8.0,0.4467,0.45,9.75
125,4.75,0.3603,0.99,6.75
126,15.75,0.4556,0.95,9.0
127,12.25,0.4268,0.59,8.5
128,14.25,0.5707,0.98,15.25
129,10.5,0.4058,0.89,9.75
130,13.5,0.5489,0.85,12.0
131,8.5,0.3792,0.44,11.25
132,12.5,0.5478,0.72,7.5
133,6.0,0.4973,0.8,14.75
134,13.75,0.6463,0.43,14.0
135,9.5,0.4149,0.82,11.75
136,10.75,0.4556,0.5,8.5
137,9.0,0.356,0.64,4.75
138,11.0,0.4468,0.47,8.0
139,6.25,0.3123,0.59,7.0
140,9.0,0.3235,0.79,3.5
141,6.75,0.3278,0.45,11.25
142,6.75,0.3342,0.94,11.0
143,11.75,0.4805,0.85,10.5
144,10.25,0.4368,0.97,11.0
145,7.25,0.4226,0.52,11.75
146,7.0,0.32,0.97,5.75
147,17.0,0.552,0.7,16.25
148,13.75,0.3818,0.43,11.75
149,16.75,0.4746,0.76,9.5
150,10.5,0.4299,0.42,6.0
151,8.75,0.4091,0.99,11.5
152,13.0,0.5731,0.89,15.0
153,5.0,0.32,0.89,6.75
154,7.0,0.3421,0.77,9.5
155,11.75,0.4715,0.51,11.0
156,8.75,0.4538,0.41,10.0
157,14.5,0.518,0.96,8.0
158,12.25,0.4581,0.46,11.5
159,2.75,0.3522,0.79,9.0
160,2.5,0.1379,0.69,8.25
161,7.0,0.4472,0.52,14.75
162,12.5,0.4296,0.68,13.5
163,10.25,0.4513,0.63,9.75
164,11.25,0.4685,0.67,12.25
165,8.25,0.5212,0.59,8.5
166,3.75,0.3508,0.56,8.0
167,13.25,0.48,0.62,13.25
168,10.0,0.5093,0.46,11.75
169,11.0,0.4887,0.5,11.75
170,12.25,0.6241,0.73,16.0
171,12.0,0.3926,0.64,10.0
172,9.25,0.4093,0.97,10.5
173,10.75,0.5897,0.76,15.5
174,4.5,0.4869,0.5,14.0
175,8.25,0.4236,0.48,11.5
176,12.0,0.5158,0.73,11.75
177,13.0,0.4463,0.52,11.25
178,15.25,0.6306,0.56,14.0
179,6.25,0.3736,0.48,6.25
180,7.5,0.4019,0.46,10.0
181,15.25,0.5204,0.47,13.5
182,11.75,0.3729,0.44,6.5
183,3.0,0.3318,0.94,13.0
184,8.25,0.3646,0.48,6.75
185,8.0,0.4206,0.43,8.0
186,11.75,0.6086,0.94,11.75
187,17.25,0.539,0.99,10.0
188,6.0,0.4245,0.73,10.25
189,11.0,0.4179,0.53,11.5
190,11.25,0.5163,0.66,10.0
191,13.25,0.4676,0.79,13.25
192,5.75,0.2601,0.96,9.25
193,8.75,0.4318,0.94,11.5
194,17.25,0.5199,0.43,13.75
195,6.75,0.2923,0.42,5.25
196,9.5,0.4238,0.72,10.5
197,12.0,0.3441,0.86,4.75
198,6.5,0.291,0.51,2.5
199,11.75,0.5437,0.69,10.75
200,13.25,0.4452,0.57,6.25
201,10.5,0.423,0.55,10.25
202,4.0,0.3736,0.74,8.5
203,9.5,0.4395,0.91,11.0
204,14.25,0.3845,0.75,6.75
205,11.0,0.3985,0.43,11.25
206,8.5,0.3579,0.66,11.25
207,10.25,0.456,0.84,10.75
208,6.0,0.3302,0.61,13.25
209,4.75,0.3451,0.62,11.25
210,8.25,0.4721,0.48,10.25
211,12.25,0.4807,0.5,12.0
212,13.0,0.5412,0.51,13.25
213,16.0,0.5102,0.63,12.75
214,13.5,0.5193,0.72,9.0
215,10.0,0.4176,0.66,10.0
216,9.25,0.3399,0.94,12.5
217,13.25,0.4876,0.42,12.0
218,6.0,0.2935,0.85,6.75
219,16.25,0.4333,0.84,5.25
220,9.0,0.3702,0.96,8.75
221,8.75,0.4691,0.53,16.0
222,16.75,0.4948,0.59,15.5
223,5.0,0.3903,0.96,7.25
224,5.5,0.4277,0.96,11.0
225,9.75,0.4168,0.91,10.0
226,8.75,0.4135,0.97,3.5
227,5.25,0.3446,0.48,6.0
228,6.5,0.4029,0.9,8.5
229,7.0,0.3552,0.77,4.5
230,8.75,0.335,0.48,9.0
231,13.5,0.453,0.73,7.75
232,9.0,0.3731,0.65,11.75
233,9.75,0.3095,0.88,8.0
234,6.25,0.3358,0.62,7.5
235,12.25,0.5134,0.51,16.0
236,4.0,0.5218,0.81,15.5
237,11.0,0.6217,0.45,18.25
238,13.75,0.4096,0.87,15.0
239,16.5,0.459,0.62,8.75
240,5.5,0.4122,0.88,9.5
241,2.5,0.2916,0.9,7.75
242,9.5,0.3914,0.47,5.75
243,11.0,0.4516,0.76,8.0
244,9.25,0.3688,0.74,8.25
245,10.25,0.4788,0.78,13.75
246,18.25,0.5778,0.56,13.75
247,5.0,0.2675,0.74,3.25
248,13.75,0.4942,0.49,11.75
249,10.25,0.448,0.77,13.75
250,9.0,0.5246,0.6,17.0
251,10.0,0.4824,0.49,6.75
252,4.25,0.4136,0.82,11.25
253,9.5,0.6136,0.95,13.25
254,10.5,0.4606,0.79,7.75
255,8.25,0.3289,0.83,7.25
256,9.5,0.3446,0.87,5.75
257,8.0,0.4742,0.62,12.0
258,8.5,0.3477,0.94,7.0
259,10.75,0.4033,0.61,12.0
260,10.75,0.4962,0.76,11.5
261,14.75,0.525,0.61,9.5
262,10.75,0.4132,0.68,8.25
263,17.0,0.6275,0.98,11.5
264,8.25,0.3017,0.98,9.5
265,10.25,0.5182,0.93,11.5
266,10.0,0.4545,0.62,12.25
267,8.5,0.3974,0.74,13.0
268,9.0,0.4054,0.68,4.25
269,20.5,0.5568,0.53,15.75
270,10.25,0.514,0.85,14.25
271,5.0,0.3407,0.89,9.75
272,5.75,0.3871,0.85,8.0
273,11.75,0.4885,0.88,11.0
274,13.25,0.62,0.51,16.0
275,15.0,0.5917,0.67,20.5
276,8.5,0.367,0.6,13.5
277,18.0,0.5148,0.56,12.25
278,9.75,0.3403,0.97,4.5
279,13.75,0.572,0.88,14.75
280,9.5,0.4025,0.71,12.5
281,12.0,0.4617,0.79,7.5
282,8.0,0.3153,0.84,7.5
283,12.5,0.4831,0.46,6.5
284,9.75,0.479,0.45,13.75
285,8.25,0.3914,0.77,7.25
286,8.25,0.4107,0.93,10.5
287,6.5,0.3404,0.41,8.5
288,12.0,0.4845,0.89,8.75
289,6.25,0.3246,0.46,12.25
290,9.5,0.4089,0.41,13.0
291,10.5,0.4668,0.46,10.5
292,15.0,0.5321,0.71,10.0
293,8.75,0.1891,0.54,1.75
294,10.25,0.6031,0.99,20.25
295,7.0,0.2088,0.73,3.25
296,9.0,0.4359,0.77,15.75
297,10.0,0.4596,0.76,9.5
298,17.0,0.6733,0.48,18.5
299,11.5,0.4113,0.78,8.0
300,10.0,0.3915,0.57,10.75
301,9.5,0.5557,0.59,14.0
302,12.25,0.4741,0.48,15.25
303,6.75,0.3442,0.68,14.25
304,9.5,0.319,0.42,3.75
305,16.0,0.4458,0.56,8.5
306,7.0,0.4706,0.95,15.25
307,10.0,0.4696,0.75,9.0
308,6.75,0.4156,0.96,11.25
309,14.0,0.518,0.62,12.0
310,8.25,0.321,0.96,6.25
311,11.75,0.527,0.8,16.0
312,9.75,0.3805,0.41,12.75
313,17.75,0.5706,0.65,10.5
314,11.25,0.4824,0.77,14.5
315,5.5,0.3739,0.87,11.5
316,13.25,0.5838,0.57,10.75
317,5.5,0.4307,0.65,7.5
318,10.75,0.534,0.83,14.25
319,5.75,0.2859,0.59,8.0
320,8.0,0.3497,0.71,7.25
321,11.5,0.4915,0.71,14.75
322,13.5,0.5867,0.76,10.5
323,13.0,0.5527,0.59,13.5
324,9.75,0.3848,0.49,7.25
325,11.5,0.448,0.53,12.5
326,4.25,0.3642,0.84,10.25
327,8.75,0.3284,0.49,3.75
328,7.75,0.2699,0.9,6.5
329,16.5,0.6062,0.84,15.75
330,-1.25,0.2515,0.71,6.75
331,11.25,0.3662,0.73,9.75
332,6.75,0.3622,0.75,8.5
333,8.5,0.4381,0.45,7.5
334,9.75,0.4448,0.88,12.5
335,8.75,0.4715,0.76,10.0
336,11.0,0.5517,0.8,10.0
337,13.0,0.4678,0.99,5.75
338,13.5,0.5141,0.49,10.5
339,12.0,0.3688,0.63,10.75
340,13.0,0.4454,0.95,10.5
341,9.75,0.3971,0.85,7.0
342,8.5,0.344,0.44,6.5
343,12.5,0.5694,0.79,16.0
344,7.5,0.4201,0.48,8.75
345,6.5,0.4297,0.52,8.25
346,11.75,0.5097,0.41,12.5
347,7.75,0.5159,0.53,13.5
348,10.0,0.47,0.73,13.25
349,9.25,0.4602,0.92,13.0
350,17.25,0.5971,0.57,12.25
351,9.0,0.4336,0.48,7.75
352,5.25,0.3342,0.9,6.0
353,11.0,0.3722,0.75,9.25
354,7.5,0.4281,0.99,13.5
355,6.25,0.3397,0.81,7.25
356,8.25,0.435,0.62,11.25
357,12.75,0.4247,0.46,8.75
358,6.25,0.4136,0.54,9.5
359,8.5,0.4537,0.73,9.0
360,18.5,0.6524,0.8,12.5
361,9.0,0.4465,0.91,11.75
362,8.75,0.2824,0.86,1.75
363,6.25,0.3538,0.71,7.5
364,15.25,0.5303,0.73,18.0
365,9.0,0.588,0.64,14.5
366,6.5,0.398,0.81,7.25
367,8.25,0.4108,0.63,11.5
368,9.0,0.4599,0.46,8.75
369,9.5,0.2667,0.64,9.5
370,11.5,0.4544,0.56,9.25
371,8.75,0.5252,1.0,13.0
372,12.0,0.3649,0.47,6.5
373,18.5,0.5545,0.88,14.25
374,6.0,0.427,0.61,7.25
375,4.75,0.3653,0.48,12.5
376,13.75,0.5011,0.97,11.25
377,12.5,0.5405,0.74,15.5
378,13.25,0.5573,0.75,11.5
379,6.5,0.5392,0.65,14.0
380,7.5,0.4745,0.49,20.0
381,14.0,0.6274,0.93,19.0
382,11.0,0.4579,0.43,7.25
383,9.0,0.3948,0.89,8.0
384,14.0,0.5359,0.95,13.75
385,12.25,0.4238,0.67,10.5
386,10.75,0.4661,0.42,8.5
387,11.75,0.387,0.49,10.5
388,7.25,0.4746,0.7,11.75
389,7.75,0.4424,0.99,13.75
390,14.0,0.5522,0.59,12.75
391,8.0,0.4797,0.42,11.5
392,12.25,0.5772,0.68,15.0
393,13.0,0.4721,0.94,12.5
394,9.75,0.4398,0.64,8.0
395,11.5,0.4831,0.63,14.75
396,8.75,0.3947,0.58,9.75
397,9.75,0.5587,0.67,11.25
398,12.0,0.4647,0.6,9.0
399,15.75,0.4369,0.46,10.25
400,9.0,0.4923,0.88,18.5
401,15.75,0.3852,0.56,13.75
402,13.75,0.5071,0.72,12.25
403,12.0,0.5539,0.49,14.25
404,8.0,0.4238,0.85,3.5
405,11.75,0.496,0.87,7.75
406,11.75,0.521,0.46,10.25
407,13.75,0.447,0.99,8.25
408,11.25,0.474,0.76,8.5
409,14.75,0.5653,0.42,15.0
410,11.75,0.5555,0.94,13.5
411,8.25,0.4658,0.72,10.5
412,12.75,0.4516,0.44,10.0
413,8.0,0.4192,0.8,11.75
414,7.75,0.3364,0.67,7.75
415,11.5,0.3323,0.74,2.5
416,6.75,0.405,0.81,9.25
417,11.25,0.3969,0.83,10.5
418,9.25,0.434,0.73,11.5
419,14.25,0.5794,0.67,14.75
420,10.75,0.3669,0.86,9.5
421,9.25,0.4067,0.6,10.0
422,13.0,0.3465,0.66,5.75
423,11.5,0.3458,0.75,6.5
424,9.25,0.4032,0.58,6.5
425,8.25,0.4276,0.9,10.0
426,5.5,0.4274,0.45,9.25
427,11.25,0.531,0.97,17.25
428,16.5,0.4911,0.84,16.5
429,7.75,0.3624,0.82,7.25
430,15.5,0.5945,0.9,9.75
431,13.0,0.3738,0.69,10.75
432,10.25,0.4276,0.55,7.0
433,10.75,0.5223,0.78,12.25
434,9.75,0.4027,0.74,10.5
435,8.0,0.485,0.69,13.5
436,4.75,0.386,0.73,12.0
437,5.75,0.4836,0.7,10.0
438,15.0,0.4263,0.79,11.25
439,5.75,0.3317,0.76,10.25
440,10.5,0.4464,0.62,10.0
441,7.75,0.3884,0.69,13.25
442,11.5,0.5455,0.93,10.0
443,11.0,0.3771,0.79,7.75
444,9.5,0.4129,0.43,12.25
445,11.0,0.4923,0.54,12.75
446,9.5,0.4635,0.92,11.25
447,11.25,0.5153,0.53,17.5
448,6.0,0.4157,0.93,9.75
449,6.0,0.4285,1.0,11.0
450,17.75,0.4996,0.91,12.25
451,8.75,0.3588,0.79,13.75
452,11.75,0.6058,0.98,17.0
453,3.25,0.3132,0.6,9.5
454,11.5,0.5143,0.91,11.75
455,14.25,0.5684,0.58,16.0
456,6.25,0.4901,0.7,15.5
457,8.75,0.4272,0.7,9.5
458,9.0,0.3899,0.63,10.75
459,6.5,0.5011,0.78,13.25
460,8.75,0.4238,0.53,6.5
461,9.75,0.5314,0.6,12.25
462,8.25,0.5235,0.46,10.75
463,10.75,0.4484,0.61,9.5
464,12.25,0.4184,0.78,7.0
465,13.5,0.5321,0.64,13.75
466,6.75,0.5033,0.92,14.25
467,13.25,0.498,0.56,11.5
468,14.25,0.4735,0.77,12.0
469,11.25,0.4434,0.68,6.25
470,14.5,0.4722,0.68,8.25
471,8.75,0.3923,0.78,9.5
472,15.25,0.638,0.88,16.25
473,9.0,0.3771,0.5,11.0
474,10.75,0.3598,0.41,9.5
475,12.75,0.484,0.81,9.0
476,6.0,0.464,0.89,12.5
477,7.75,0.3444,0.89,5.5
478,16.75,0.5891,0.83,15.25
479,16.0,0.5681,0.99,20.25
480,6.0,0.3978,0.82,13.0
481,8.25,0.3736,0.54,6.0
482,11.5,0.4487,0.71,10.5
483,14.25,0.4976,0.59,11.75
484,6.5,0.3616,0.43,5.5
485,8.25,0.4389,0.87,17.25
486,8.5,0.5154,0.49,12.0
487,13.5,0.5904,0.69,7.75
488,10.5,0.3871,0.54,10.25
489,7.25,0.2331,0.68,3.5
490,7.75,0.4508,0.42,11.25
491,7.5,0.3124,0.51,7.0
492,11.0,0.5348,0.42,11.25
493,10.5,0.2708,0.88,4.5
494,8.75,0.317,0.62,8.25
495,10.25,0.5041,0.91,15.0
496,6.0,0.4242,0.85,10.75
497,13.5,0.3618,0.41,5.25
498,9.25,0.4135,0.65,10.75
499,14.25,0.5704,0.41,14.75
500,9.25,0.406,0.5,8.25
501,13.5,0.4281,0.81,14.5
502,10.25,0.3893,0.72,13.25
503,14.25,0.3131,0.67,4.25
504,8.0,0.3929,0.91,11.0
505,4.25,0.3087,0.56,10.75
506,14.0,0.5191,0.76,14.0
507,14.75,0.5922,0.72,16.0
508,14.5,0.4517,0.89,6.25
509,8.5,0.4602,1.0,15.0
510,13.25,0.4716,0.84,9.5
511,6.25,0.4436,0.97,15.0
512,9.0,0.3373,0.57,5.75
513,12.75,0.4199,0.7,10.75
514,5.25,0.3011,0.68,12.5
515,3.5,0.3167,0.87,9.25
516,8.5,0.4021,0.98,9.75
517,7.0,0.2899,0.93,10.0
518,5.5,0.3506,0.69,6.75
519,15.5,0.405,0.71,8.0
520,14.5,0.5203,0.78,10.5
521,13.0,0.5145,0.68,14.75
522,6.25,0.4497,0.84,11.5
523,9.0,0.4214,0.56,14.5
524,3.75,0.3766,0.57,14.25
525,12.25,0.4562,0.46,10.75
526,8.75,0.3893,0.92,9.5
527,10.0,0.3155,0.84,8.5
528,12.0,0.4134,0.92,8.25
529,12.75,0.4551,0.95,8.5
530,11.75,0.4611,0.48,5.75
531,7.75,0.3026,0.48,5.0
532,7.75,0.4188,0.52,10.75
533,8.5,0.3154,0.93,5.0
534,4.0,0.3154,0.54,5.0
535,12.75,0.4314,0.61,6.25
536,14.5,0.4342,0.86,8.0
537,18.25,0.6155,0.53,18.25
538,10.0,0.5177,0.54,11.25
539,8.75,0.5928,0.98,16.0
540,11.0,0.4257,0.93,8.5
541,7.75,0.4137,0.97,12.5
542,6.25,0.2083,0.49,5.25
543,6.25,0.3689,0.59,5.25
544,5.0,0.4422,0.98,15.25
545,15.75,0.5218,0.61,11.5
546,11.75,0.5107,0.77,15.0
547,9.5,0.3928,0.75,7.5
548,14.75,0.5247,0.59,13.0
549,11.25,0.4624,0.97,13.75
550,6.0,0.3433,0.92,6.0
551,11.25,0.3713,0.88,12.0
552,13.25,0.4647,0.75,11.0
553,9.25,0.4089,0.51,12.0
554,3.5,0.2926,0.7,4.75
555,7.75,0.4208,0.8,11.0
556,7.5,0.3254,0.77,10.0
557,8.5,0.4307,0.53,13.0
558,12.0,0.4227,0.5,11.25
559,14.5,0.4742,0.68,11.0
560,13.0,0.5347,0.79,10.0
561,10.5,0.5363,0.79,12.25
562,5.25,0.3539,0.76,9.5
563,13.0,0.4129,0.83,16.25
564,7.25,0.4631,0.45,12.25
565,12.0,0.4356,0.97,11.25
566,10.0,0.412,0.67,9.5
567,5.75,0.3503,0.93,7.75
568,13.0,0.5341,0.96,12.0
569,7.25,0.3024,0.92,6.25
570,11.75,0.4855,0.77,10.75
571,9.25,0.4405,0.59,10.5
572,13.75,0.4818,0.68,13.0
573,5.75,0.242,0.73,4.5
574,11.75,0.5623,0.47,12.0
575,10.75,0.3873,0.94,3.0
576,9.75,0.4879,0.57,10.75
577,10.5,0.4687,0.85,6.0
578,18.5,0.5841,0.84,10.5
579,15.0,0.5079,0.57,9.75
580,11.25,0.4939,0.95,13.5
581,9.0,0.431,0.65,9.5
582,16.25,0.5419,0.9,11.5
583,13.75,0.4899,0.43,15.0
584,9.0,0.5164,0.9,15.5
585,14.75,0.4798,0.85,10.0
586,8.0,0.4151,0.55,13.0
587,11.5,0.5476,0.47,13.25
588,6.5,0.3961,0.56,6.5
589,7.75,0.4302,0.66,13.75
590,10.25,0.406,0.99,4.75
591,4.0,0.3605,0.52,11.5
592,11.75,0.6038,0.69,12.5
593,13.5,0.433,0.5,7.75
594,8.25,0.3385,0.91,7.75
595,10.0,0.464,0.46,12.25
596,12.25,0.5429,0.79,13.75
597,9.75,0.4024,0.44,4.0
598,16.5,0.4555,0.67,11.25
599,8.0,0.3844,0.97,12.25
600,7.25,0.4192,0.49,9.25
601,14.0,0.4021,0.79,9.5
602,6.5,0.425,0.45,11.0
603,13.0,0.5809,0.92,18.25
604,6.25,0.3417,0.73,10.0
605,11.25,0.3496,0.67,6.75
606,14.5,0.3695,0.43,6.0
607,9.25,0.5202,0.84,13.0
608,13.75,0.573,0.7,11.25
609,17.75,0.5414,0.86,13.75
610,14.0,0.4886,0.67,8.25
611,12.25,0.4316,0.48,7.25
612,5.25,0.3653,1.0,6.75
613,19.25,0.6713,0.65,19.25
614,5.75,0.2754,0.57,3.25
615,9.5,0.5166,0.69,12.0
616,6.0,0.2855,0.67,7.25
617,13.0,0.5229,0.45,11.0
618,12.25,0.4309,0.43,10.25
619,16.75,0.3413,0.77,5.5
620,13.75,0.4743,0.42,8.75
621,13.75,0.4815,0.57,11.5
622,14.75,0.458,0.65,10.25
623,0.75,0.0707,0.95,-2.5
624,6.25,0.2797,0.44,7.5
625,8.5,0.4156,0.73,9.75
626,4.75,0.3252,0.77,8.5
627,15.5,0.4589,0.66,10.5
628,7.75,0.3575,0.42,10.25
629,13.25,0.4333,0.45,7.0
630,19.0,0.5099,0.52,9.0
631,10.5,0.3834,0.88,9.75
632,11.0,0.5104,0.74,10.75
633,14.5,0.5476,0.61,9.5
634,11.75,0.3521,0.53,5.0
635,11.25,0.3958,0.65,5.0
636,13.75,0.5888,0.95,14.0
637,12.5,0.3948,0.42,13.25
638,9.75,0.5388,0.65,16.0
639,18.0,0.5543,0.78,12.0
640,9.75,0.4611,0.57,13.0
641,2.75,0.2032,0.57,5.5
642,13.75,0.4469,0.54,9.0
643,11.75,0.4444,0.46,7.75
644,9.75,0.4655,0.85,14.25
645,9.25,0.2445,0.78,2.5
646,12.0,0.4771,0.95,9.75
647,15.75,0.5257,0.9,13.25
648,14.0,0.4522,0.52,8.25
649,12.5,0.4572,0.51,9.75
650,10.0,0.4322,0.5,13.5
651,12.75,0.3114,0.67,2.25
652,7.75,0.4213,0.9,8.75
653,7.0,0.4064,0.54,8.5
654,15.75,0.5378,0.7,15.0
655,11.5,0.4826,0.74,12.75
656,12.5,0.4305,0.8,9.25
657,15.25,0.4302,0.64,6.5
658,0.0,0.1462,0.94,1.5
659,9.25,0.3513,0.87,11.0
660,11.0,0.4542,0.76,10.0
661,7.5,0.5196,0.85,11.25
662,12.5,0.4587,0.79,8.75
663,5.5,0.3327,0.9,7.5
664,10.5,0.5177,0.45,9.0
665,5.0,0.2813,0.97,5.5
666,13.25,0.5785,0.61,13.75
667,8.25,0.3949,0.97,12.5
668,13.0,0.4957,0.57,11.5
669,8.75,0.4221,0.44,12.5
670,4.75,0.3223,0.83,8.5
671,9.5,0.3425,0.63,10.25
672,8.5,0.4399,0.67,12.5
673,9.25,0.521,0.92,13.75
674,15.5,0.6536,0.81,13.0
675,14.5,0.4383,0.71,6.25
676,2.25,0.1843,0.69,1.5
677,9.0,0.4337,0.54,3.5
678,9.0,0.4932,0.57,11.25
679,13.75,0.5075,0.69,8.75
680,11.25,0.4471,0.43,8.75
681,7.25,0.4414,0.57,6.0
682,4.0,0.3733,0.8,9.25
683,11.5,0.523,0.92,10.75
684,11.5,0.5731,0.5,16.5
685,16.5,0.5918,0.89,19.25
686,4.75,0.3267,0.85,8.75
687,4.75,0.3448,0.41,10.0
688,14.75,0.501,0.49,10.75
689,13.5,0.5358,0.66,10.5
690,11.75,0.5038,0.59,15.5
691,4.75,0.2689,0.91,3.25
692,6.0,0.3529,0.65,13.0
693,8.5,0.3353,0.57,11.25
694,8.0,0.3743,0.85,6.75
695,19.0,0.5526,0.78,6.5
696,8.0,0.3608,0.78,7.25
697,11.5,0.4738,0.83,11.5
698,14.75,0.582,0.8,14.75
699,7.75,0.4008,0.73,9.75
700,11.5,0.5362,0.67,13.25
701,3.0,0.5446,0.61,16.75
702,10.5,0.4493,0.97,13.75
703,9.75,0.4464,0.47,14.0
704,12.5,0.4041,0.55,9.0
705,11.0,0.3733,0.86,5.5
706,9.25,0.4695,0.74,12.5
707,12.75,0.4806,0.5,12.75
708,5.5,0.4097,0.68,10.5
709,14.0,0.427,0.99,7.5
710,7.25,0.4193,0.41,11.0
711,6.25,0.3506,0.69,9.5
712,9.75,0.4429,0.94,7.0
713,15.75,0.603,0.64,24.75
714,14.75,0.5527,0.68,14.75
715,11.5,0.4736,0.79,8.5
716,9.5,0.4715,0.9,12.0
717,14.5,0.5059,0.99,14.75
718,5.0,0.2987,0.75,4.75
719,0.75,0.3402,0.75,7.75
720,12.5,0.4091,0.54,12.75
721,15.75,0.657,0.99,17.75
722,11.5,0.3861,0.81,11.5
723,12.25,0.2935,0.97,8.5
724,19.25,0.684,0.76,16.5
725,6.25,0.2987,0.43,11.5
726,11.25,0.4767,0.81,9.0
727,10.5,0.4589,0.69,12.0
728,9.0,0.4253,0.68,9.5
729,8.0,0.4338,0.97,12.25
730,8.5,0.3694,0.7,9.25
731,12.25,0.5245,0.72,14.75
732,11.5,0.4373,0.67,7.25
733,6.75,0.3951,0.43,9.25
734,12.5,0.3697,0.98,7.25
735,11.75,0.507,0.4,10.75
736,9.0,0.4021,0.46,9.25
737,3.5,0.3346,0.51,11.0
738,16.75,0.4934,0.43,9.5
739,11.75,0.4074,1.0,13.0
740,11.75,0.4675,0.71,12.5
741,3.75,0.3027,0.8,8.0
742,4.5,0.2924,0.78,7.75
743,9.5,0.4464,0.68,8.5
744,9.5,0.4492,0.42,12.75
745,9.75,0.4537,0.5,17.0
746,9.0,0.4235,0.96,6.0
747,13.0,0.348,0.5,8.5
748,10.75,0.4791,0.59,13.75
749,12.0,0.5224,0.96,15.0
750,14.5,0.5634,0.61,11.25
751,4.5,0.2679,0.61,7.5
752,12.0,0.419,0.51,5.5
753,15.0,0.4431,0.8,11.5
754,14.75,0.4884,0.77,9.0
755,9.5,0.5273,0.8,16.25
756,10.75,0.3903,0.42,9.25
757,7.25,0.3111,0.9,6.25
758,9.75,0.4562,0.79,14.5
759,6.0,0.3319,0.78,11.5
760,7.5,0.4715,0.78,13.75
761,8.25,0.3582,0.57,9.5
762,4.5,0.3019,0.48,6.0
763,13.5,0.4827,0.54,11.0
764,9.0,0.2978,0.54,2.25
765,17.75,0.6426,0.54,14.25
766,7.5,0.3165,0.61,5.75
767,9.25,0.4339,0.96,9.75
768,14.25,0.5814,0.76,12.75
769,12.25,0.4451,0.4,13.75
770,10.0,0.3896,0.85,7.75
771,6.25,0.4562,0.93,17.5
772,11.25,0.3921,0.5,11.0
773,11.25,0.418,0.54,4.75
774,12.75,0.4585,0.59,8.5
775,15.5,0.5945,0.92,9.75
776,10.75,0.4333,0.99,8.5
777,12.5,0.5675,0.63,15.5
778,15.5,0.5579,0.88,12.5
779,12.25,0.547,0.45,19.0
780,10.5,0.54,0.55,11.75
781,12.0,0.4145,0.77,3.25
782,9.5,0.4881,0.99,12.5
783,11.25,0.5054,0.46,12.0
784,13.25,0.4656,0.53,17.0
785,5.0,0.2596,0.53,8.0
786,11.25,0.432,0.68,11.75
787,16.0,0.5317,0.73,11.0
788,7.0,0.432,0.49,10.5
789,8.75,0.4731,0.98,10.25
790,16.0,0.5907,0.44,9.0
791,2.75,0.2634,0.76,9.5
792,11.75,0.447,0.64,11.5
793,8.0,0.4669,0.55,10.75
794,10.5,0.4846,0.75,12.0
795,15.5,0.4634,0.94,11.0
796,9.75,0.4464,0.53,6.5
797,10.75,0.3354,0.87,8.5
798,5.75,0.2518,0.97,5.5
799,8.75,0.257,0.78,5.5
800,10.0,0.4631,0.69,10.25
801,8.0,0.454,0.43,9.0
802,11.25,0.42,0.61,8.5
803,7.25,0.2574,0.41,7.0
804,6.0,0.2544,0.81,4.5
805,7.0,0.4026,0.44,5.25
806,11.5,0.5299,0.57,15.25
807,9.75,0.5131,0.66,9.75
808,9.5,0.3822,0.97,4.75
809,10.0,0.5223,0.86,14.75
810,10.5,0.4877,0.41,11.0
811,14.0,0.4856,0.63,11.0
812,10.0,0.4611,0.61,12.0
813,11.5,0.5253,0.58,16.75
814,3.75,0.2722,0.61,9.5
815,10.0,0.4153,0.8,9.0
816,12.0,0.4073,0.95,6.0
817,13.75,0.582,0.7,16.75
818,11.0,0.4468,0.41,8.5
819,12.25,0.497,0.81,8.5
820,6.75,0.3941,0.88,12.25
821,8.5,0.3723,0.66,7.25
822,21.0,0.653,0.78,11.25
823,11.0,0.4454,0.62,11.25
824,2.75,0.3118,0.83,7.5
825,10.75,0.5006,0.68,12.0
826,10.0,0.2904,0.53,3.75
827,5.0,0.3091,0.47,3.0
828,8.5,0.3414,0.79,1.5
829,12.0,0.4978,0.66,11.75
830,8.25,0.505,0.74,11.5
831,10.75,0.3151,0.85,10.0
832,9.75,0.4324,0.69,9.25
833,9.5,0.3068,0.93,8.25
834,7.75,0.437,0.9,10.75
835,12.25,0.4383,0.48,6.75
836,10.75,0.4107,0.49,12.0
837,11.0,0.5365,0.59,15.75
838,9.25,0.3047,0.65,4.0
839,10.25,0.4435,0.48,10.25
840,8.5,0.3987,0.42,8.5
841,9.0,0.4611,0.52,9.0
842,6.25,0.439,0.86,7.75
843,9.75,0.431,0.5,9.25
844,11.75,0.536,0.47,13.5
845,14.75,0.5274,0.44,11.75
846,6.25,0.4182,0.94,12.0
847,12.0,0.4663,0.55,11.5
848,13.75,0.4428,0.75,10.0
849,17.0,0.574,0.96,7.5
850,9.75,0.4781,0.99,9.5
851,15.0,0.4402,0.94,12.5
852,12.0,0.3544,0.47,5.75
853,4.75,0.3013,0.87,7.5
854,8.5,0.3637,0.73,7.5
855,12.0,0.5685,0.67,13.5
856,12.5,0.5675,0.8,16.5
857,12.75,0.4014,0.9,10.0
858,9.0,0.4583,0.73,10.25
859,9.25,0.4673,0.79,13.5
860,14.0,0.4935,0.95,10.0
861,10.25,0.4554,0.64,12.25
862,12.5,0.5548,0.8,17.25
863,6.0,0.3736,0.82,10.75
864,12.0,0.5417,0.59,9.25
865,5.25,0.2833,0.86,4.5
866,7.0,0.3532,0.64,3.5
867,11.5,0.5605,0.67,15.25
868,18.25,0.5206,0.59,12.5
869,2.25,0.246,0.95,1.25
870,10.5,0.4456,0.81,8.5
871,7.0,0.3072,0.75,7.0
872,10.75,0.3694,0.61,13.75
873,8.25,0.4495,0.98,11.25
874,17.5,0.6343,0.68,18.25
875,7.75,0.5243,0.57,13.5
876,8.25,0.3779,0.79,9.25
877,10.5,0.4972,0.41,14.25
878,12.75,0.375,0.7,6.75
879,9.0,0.503,0.57,16.0
880,8.75,0.5264,0.94,13.0
881,12.0,0.4284,0.95,12.75
882,5.0,0.3474,0.57,7.5
883,8.75,0.2581,0.59,7.0
884,17.25,0.4517,0.62,9.5
885,11.25,0.4447,0.45,12.0
886,7.5,0.4311,0.96,16.0
887,13.5,0.6128,0.94,19.75
888,10.5,0.5991,0.71,19.0
889,15.25,0.5122,0.76,11.25
890,13.25,0.4529,0.73,13.25
891,9.25,0.3963,0.98,12.25
892,9.5,0.5149,0.91,16.5
893,8.0,0.5175,0.71,12.5
894,13.75,0.5456,0.76,9.75
895,5.0,0.3436,0.56,9.75
896,9.25,0.4029,0.79,12.25
897,14.75,0.5088,0.55,9.25
898,13.0,0.3993,0.93,11.75
899,6.0,0.3621,0.52,6.0
900,12.25,0.5674,0.6,15.5
901,3.75,0.3042,0.73,4.25
902,9.25,0.4091,0.4,6.0
903,9.75,0.5325,0.54,16.0
904,8.25,0.4418,0.81,13.5
905,8.25,0.2855,0.56,4.0
906,5.75,0.4076,0.92,10.25
907,4.25,0.3278,0.82,7.75
908,4.75,0.3005,0.82,4.25
909,6.5,0.3464,0.71,12.25
910,13.75,0.5023,0.83,7.25
911,11.5,0.4619,0.64,10.25
912,18.0,0.5613,0.6,10.0
913,9.5,0.4604,0.63,12.75
914,7.25,0.3218,0.45,6.5
915,9.0,0.4655,0.72,11.25
916,10.75,0.4473,0.43,12.75
917,15.75,0.5326,0.83,14.5
918,10.0,0.5889,0.75,18.0
919,14.25,0.4978,0.87,18.75
920,9.25,0.4719,0.53,12.25
921,11.75,0.4145,0.59,5.0
922,8.5,0.3949,0.91,10.5
923,8.0,0.3646,0.66,4.25
924,8.75,0.3572,0.9,6.0
925,12.0,0.456,0.45,11.0
926,7.5,0.3791,0.77,7.75
927,13.25,0.4809,0.51,9.5
928,15.5,0.6116,0.72,18.25
929,5.25,0.3384,0.47,9.75
930,12.25,0.5245,0.58,7.75
931,7.0,0.3538,0.82,4.25
932,5.5,0.3545,0.71,7.5
933,11.25,0.4466,0.87,9.75
934,8.5,0.432,0.79,11.75
935,18.5,0.684,0.84,16.75
936,15.5,0.5943,0.75,12.75
937,10.5,0.5533,0.47,12.75
938,11.0,0.4657,0.54,11.0
939,9.75,0.3226,0.85,7.5
940,11.25,0.3789,0.94,10.5
941,11.25,0.3882,0.63,9.0
942,13.5,0.4632,0.71,11.25
943,5.25,0.2757,0.93,10.75
944,8.0,0.3045,0.47,7.5
945,14.25,0.4862,0.96,5.25
946,14.5,0.4846,0.5,7.75
947,12.75,0.5261,0.9,14.5
948,9.0,0.4868,0.65,13.25
949,12.5,0.4045,0.64,9.5
950,13.0,0.4581,0.82,11.25
951,9.25,0.3517,0.44,7.0
952,12.25,0.3753,0.86,6.0
953,6.75,0.4009,0.95,11.5
954,9.75,0.3517,0.75,8.75
955,8.75,0.5776,0.41,17.75
956,9.0,0.4231,0.48,11.75
957,8.0,0.4439,0.8,9.75
958,13.0,0.4864,0.67,9.25
959,11.5,0.5514,0.61,15.0
960,4.5,0.3218,0.91,7.5
961,8.75,0.4159,0.55,7.5
962,13.0,0.4484,0.68,10.75
963,13.5,0.5031,0.47,13.0
964,12.25,0.539,0.64,11.25
965,5.5,0.4445,0.79,14.0
966,10.75,0.4004,0.66,8.5
967,12.5,0.5491,0.57,10.0
968,7.5,0.4713,0.87,15.25
969,10.25,0.4885,0.67,10.5
970,4.25,0.265,0.8,4.25
971,9.5,0.4826,0.93,11.25
972,10.75,0.4129,0.74,7.5
973,12.25,0.4362,0.91,10.0
974,12.5,0.5012,0.92,13.25
975,10.75,0.4282,0.65,9.25
976,9.25,0.3805,0.86,8.25
977,16.25,0.5297,0.95,10.25
978,14.25,0.4638,0.97,9.0
979,6.5,0.309,0.64,7.5
980,8.5,0.4663,0.47,11.75
981,17.75,0.5179,0.7,12.0
982,7.75,0.4016,0.45,9.5
983,0.75,0.3691,0.46,12.25
984,4.25,0.3729,0.63,8.75
985,4.75,0.3218,0.84,9.0
986,7.0,0.3321,0.49,7.75
987,9.25,0.2964,0.93,5.25
988,12.25,0.4653,0.88,15.25
989,11.75,0.432,0.52,6.5
990,12.0,0.4193,0.58,10.0
991,10.0,0.4123,0.57,7.5
992,11.0,0.4343,0.99,8.75
993,4.0,0.4276,0.48,9.75
994,10.5,0.467,0.44,7.0
995,8.25,0.409,0.62,13.5
996,3.75,0.3409,0.85,7.5
997,4.0,0.2921,0.48,8.75
998,12.0,0.5454,0.94,10.25
999,9.25,0.3052,0.74,7.0
